ImageNumber,photo_name
1,C-2_DG01_B3_1_2024y08m08d_15h45m
2,C-2_DG01_B3_1_2024y08m08d_16h45m
3,C-2_DG01_B3_1_2024y08m08d_17h45m
4,C-2_DG01_B3_1_2024y08m08d_18h45m
5,C-2_DG01_B3_1_2024y08m08d_19h45m
6,C-2_DG01_B3_1_2024y08m08d_20h45m
7,C-2_DG01_B3_1_2024y08m08d_21h45m
8,C-2_DG01_B3_1_2024y08m08d_22h45m
9,C-2_DG01_B3_1_2024y08m08d_23h45m
10,C-2_DG01_B3_1_2024y08m09d_00h45m
11,C-2_DG01_B3_1_2024y08m09d_01h45m
12,C-2_DG01_B3_1_2024y08m09d_02h45m
13,C-2_DG01_B3_1_2024y08m09d_03h45m
14,C-2_DG01_B3_1_2024y08m09d_04h45m
15,C-2_DG01_B3_1_2024y08m09d_05h45m
16,C-2_DG01_B3_1_2024y08m09d_06h45m
17,C-2_DG01_B3_1_2024y08m09d_07h45m
18,C-2_DG01_B3_1_2024y08m09d_08h45m
19,C-2_DG01_B3_1_2024y08m09d_09h45m
20,C-2_DG01_B3_1_2024y08m09d_10h45m
21,C-2_DG01_B3_1_2024y08m09d_11h45m
22,C-2_DG01_B3_1_2024y08m09d_12h45m
23,C-2_DG01_B3_1_2024y08m09d_13h45m
24,C-2_DG01_B3_1_2024y08m09d_14h45m
25,C-2_DG01_B3_1_2024y08m09d_15h45m
26,C-2_DG01_B3_1_2024y08m09d_16h45m
27,C-2_DG01_B3_1_2024y08m09d_17h45m
28,C-2_DG01_B3_1_2024y08m09d_18h45m
29,C-2_DG01_B3_1_2024y08m09d_19h45m
30,C-2_DG01_B3_1_2024y08m09d_20h45m
31,C-2_DG01_B3_1_2024y08m09d_21h45m
32,C-2_DG01_B3_1_2024y08m09d_22h45m
33,C-2_DG01_B3_1_2024y08m09d_23h45m
34,C-2_DG01_B3_1_2024y08m10d_00h45m
35,C-2_DG01_B3_1_2024y08m10d_01h45m
36,C-2_DG01_B3_1_2024y08m10d_02h45m
37,C-2_DG01_B3_1_2024y08m10d_03h45m
38,C-2_DG01_B3_1_2024y08m10d_04h45m
39,C-2_DG01_B3_1_2024y08m10d_05h45m
40,C-2_DG01_B3_1_2024y08m10d_06h45m
41,C-2_DG01_B3_1_2024y08m10d_07h45m
42,C-2_DG01_B3_1_2024y08m10d_08h45m
43,C-2_DG01_B3_1_2024y08m10d_09h45m
44,C-2_DG01_B3_1_2024y08m10d_10h45m
45,C-2_DG01_B3_1_2024y08m10d_11h45m
46,C-2_DG01_B3_1_2024y08m10d_12h45m
47,C-2_DG01_B3_1_2024y08m10d_13h45m
48,C-2_DG01_B3_1_2024y08m10d_14h45m
49,C-2_DG01_B3_1_2024y08m10d_15h45m
50,C-2_DG01_B3_1_2024y08m10d_16h45m
51,C-2_DG01_B3_1_2024y08m10d_17h45m
52,C-2_DG01_B3_1_2024y08m10d_18h45m
53,C-2_DG01_B3_1_2024y08m10d_19h45m
54,C-2_DG01_B3_1_2024y08m10d_20h45m
55,C-2_DG01_B3_1_2024y08m10d_21h45m
56,C-2_DG01_B3_1_2024y08m10d_22h45m
57,C-2_DG01_B3_1_2024y08m10d_23h45m
58,C-2_DG01_B3_1_2024y08m11d_00h45m
59,C-2_DG01_B3_1_2024y08m11d_01h45m
60,C-2_DG01_B3_1_2024y08m11d_02h45m
61,C-2_DG01_B3_1_2024y08m11d_03h45m
62,C-2_DG01_B3_1_2024y08m11d_04h45m
63,C-2_DG01_B3_1_2024y08m11d_05h45m
64,C-2_DG01_B3_1_2024y08m11d_06h45m
65,C-2_DG01_B3_1_2024y08m11d_07h45m
66,C-2_DG01_B3_1_2024y08m11d_08h45m
67,C-2_DG01_B3_1_2024y08m11d_09h45m
68,C-2_DG01_B3_1_2024y08m11d_10h45m
69,C-2_DG01_B3_1_2024y08m11d_11h45m
70,C-2_DG01_B3_1_2024y08m11d_12h45m
71,C-2_DG01_B3_1_2024y08m11d_13h45m
72,C-2_DG01_B3_1_2024y08m11d_14h45m
73,C-2_DG01_B3_1_2024y08m11d_15h45m
74,C-2_DG01_B3_1_2024y08m11d_16h45m
75,C-2_DG01_B3_1_2024y08m11d_17h45m
76,C-2_DG01_B3_1_2024y08m11d_18h45m
77,C-2_DG01_B3_1_2024y08m11d_19h45m
78,C-2_DG01_B3_1_2024y08m11d_20h45m
79,C-2_DG01_B3_1_2024y08m11d_21h45m
80,C-2_DG01_B3_1_2024y08m11d_22h45m
81,C-2_DG01_B3_1_2024y08m11d_23h45m
82,C-2_DG01_B3_1_2024y08m12d_00h45m
83,C-2_DG01_B3_1_2024y08m12d_01h45m
84,C-2_DG01_B3_1_2024y08m12d_02h45m
85,C-2_DG01_B3_1_2024y08m12d_03h45m
86,C-2_DG01_B3_1_2024y08m12d_04h45m
87,C-2_DG01_B3_1_2024y08m12d_05h45m
88,C-2_DG01_B3_1_2024y08m12d_06h45m
89,C-2_DG01_B3_1_2024y08m12d_07h45m
90,C-2_DG01_B3_1_2024y08m12d_08h45m
91,C-2_DG01_B3_1_2024y08m12d_09h45m
92,C-2_DG01_B3_1_2024y08m12d_10h45m
93,C-2_DG01_B3_1_2024y08m12d_11h45m
94,C-2_DG01_B3_1_2024y08m12d_12h45m
